Workbook

Sheet README
A1: Ontario Ministry of Transportation - Budget and Expenditure Analysis
A3: Project Overview
A4: This project analyzes publicly available Government of Ontario Ministry of Transportation financial data to compare budgeted and actual operating expenditures, identify material variances, examine spending trends, and communicate financial insights to management.
A8: Objective
A9: Compare 2024–25 original operating expenditure estimates with actual expenditures across four selected Ontario Ministry of Transportation programs and identify the largest dollar and percentage variances.
A13: Official Sources
A14: https://www.ontario.ca/page/expenditure-estimates-ministry-transportation-2024-25
A15: https://www.ontario.ca/page/expenditure-estimates-ministry-transportation-2026-2027
A16: https://www.ontario.ca/page/public-accounts-2024-25-ministry-statements-and-schedules
A19: Data Sources
A20: Government of Ontario — Ministry of Transportation Expenditure Estimates
A21: Public Accounts of Ontario — Ministry Statements and Schedules
... A40: Materiality classification is an analytical convention developed for this portfolio: High ≥20%, Medium 10%–19.9%, Low <10%; it does not represent an official OPS materiality policy

Sheet Raw Data
A1: MTO OPERATING EXPENDITURE DATA
A3: Program | B3: 2024–25 Original Estimate | C3: 2024–25 Actual | D3: Variance $ | E3: Variance % | F3: 2025–26 Estimate | G3: 2026–27 Estimate
A4: Ministry Administration Program | B4: 42218000 | C4: 50654835 | D4: =C4-B4 -> 8436835 | E4: =D4/B4 -> 0.19983976 | F4: 55604000 | G4: 60151700
A5: Transit | B5: 1008659500 | C5: 1536664997 | D5: =C5-B5 -> 528005497 | E5: =D5/B5 -> 0.52347249 | F5: 1060136800 | G5: 1219816200
A6: Transportation Infrastructure Management | B6: 56293000 | C6: 51009817 | D6: =C6-B6 -> -5283183 | E6: =D6/B6 -> -0.093851509 | F6: 85663600 | G6: 83937900
A7: Integrated Policy and Planning | B7: 28185600 | C7: 26764689 | D7: =C7-B7 -> -1420911 | E7: =D7/B7 -> -0.050412658 | F7: 32707300 | G7: 34332800
A8: TOTAL - Selected Programs | B8: =SUM(B4:B7) -> 1135356100 | C8: =SUM(C4:C7) -> 1665094338 | D8: =SUM(D4:D7) -> 529738238 | E8: =D8/B8 -> 0.46658334 | F8: =SUM(F4:F7) -> 1234111700 | G8: =SUM(G4:G7) -> 1398238600
A11: Source Note
A12: 2024–25 original estimates are from the Government of Ontario. MTO 2024–25 Expenditure Estimates 2024–25 actuals and 2025–26/2026–27 comparative estimates are from the MTO 2026–27. Expenditure Estimates. Figures represent operating expense for selected programs.

Sheet Variance Analysis
A1: MTO 2024–25 OPERATING EXPENDITURE VARIANCE ANALYSIS
A3: Program | B3: Original Estimate | C3: Actual Expenditure | D3: Variance $ | E3: Variance %
A4: ='Raw Data'!A4 -> Ministry Administration Program | B4: ='Raw Data'!B4 -> 42218000 | C4: ='Raw Data'!C4 -> 50654835 | D4: ='Raw Data'!D4 -> 8436835 | E4: ='Raw Data'!E4 -> 0.19983976
A5: ='Raw Data'!A5 -> Transit | B5: ='Raw Data'!B5 -> 1008659500 | C5: ='Raw Data'!C5 -> 1536664997 | D5: ='Raw Data'!D5 -> 528005497 | E5: ='Raw Data'!E5 -> 0.52347249
A6: ='Raw Data'!A6 -> Transportation Infrastructure Management | B6: ='Raw Data'!B6 -> 56293000 | C6: ='Raw Data'!C6 -> 51009817 | D6: ='Raw Data'!D6 -> -5283183 | E6: ='Raw Data'!E6 -> -0.093851509
A7: ='Raw Data'!A7 -> Integrated Policy and Planning | B7: ='Raw Data'!B7 -> 28185600 | C7: ='Raw Data'!C7 -> 26764689 | D7: ='Raw Data'!D7 -> -1420911 | E7: ='Raw Data'!E7 -> -0.050412658
A8: TOTAL — SELECTED PROGRAMS | B8: =SUM(B4:B7) -> 1135356100 | C8: =SUM(C4:C7) -> 1665094338 | D8: =C8-B8 -> 529738238 | E8: =D8/B8 -> 0.46658334

Sheet Trend Analysis
A1: MTO OPERATING EXPENDITURE TREND ANALYSIS
A3: Program | B3: 2024–25 Actual | C3: 2025–26 Estimate | D3: 2026–27 Estimate | E3: 2025–26 Growth % | F3: 2026–27 Growth % | G3: 2-Year Change $ | H3: 2-Year Change %
A4: ='Raw Data'!A4 -> Ministry Administration Program | B4: ='Raw Data'!C4 -> 50654835 | C4: ='Raw Data'!F4 -> 55604000 | D4: ='Raw Data'!G4 -> 60151700 | E4: =(C4-B4)/B4 -> 0.097703704 | F4: =(D4-C4)/C4 -> 0.081787281 | G4: =D4-B4 -> 9496865 | H4: =(D4-B4)/B4 -> 0.18748191
A5: ='Raw Data'!A5 -> Transit | B5: ='Raw Data'!C5 -> 1536664997 | C5: ='Raw Data'!F5 -> 1060136800 | D5: ='Raw Data'!G5 -> 1219816200 | E5: =(C5-B5)/B5 -> -0.31010545 | F5: =(D5-C5)/C5 -> 0.1506215 | G5: =D5-B5 -> -316848797 | H5: =(D5-B5)/B5 -> -0.2061925
A6: ='Raw Data'!A6 -> Transportation Infrastructure Management | B6: ='Raw Data'!C6 -> 51009817 | C6: ='Raw Data'!F6 -> 85663600 | D6: ='Raw Data'!G6 -> 83937900 | E6: =(C6-B6)/B6 -> 0.67935517 | F6: =(D6-C6)/C6 -> -0.020145079 | G6: =D6-B6 -> 32928083 | H6: =(D6-B6)/B6 -> 0.64552443
A7: ='Raw Data'!A7 -> Integrated Policy and Planning | B7: ='Raw Data'!C7 -> 26764689 | C7: ='Raw Data'!F7 -> 32707300 | D7: ='Raw Data'!G7 -> 34332800 | E7: =(C7-B7)/B7 -> 0.22203176 | F7: =(D7-C7)/C7 -> 0.049698385 | G7: =D7-B7 -> 7568111 | H7: =(D7-B7)/B7 -> 0.28276477
A8: TOTAL — SELECTED PROGRAMS | B8: =SUM(B4:B7) -> 1665094338 | C8: =SUM(C4:C7) -> 1234111700 | D8: =SUM(D4:D7) -> 1398238600 | E8: =(C8-B8)/B8 -> -0.25883377 | F8: =(D8-C8)/C8 -> 0.13299193 | G8: =D8-B8 -> -266855738 | H8: =(D8-B8)/B8 -> -0.16026464

Sheet Dashboard
A1: ONTARIO MTO — BUDGET VS ACTUAL EXPENDITURE ANALYSIS
A2: 2024–25 | Four Selected Operating Programs
A4: ORIGINAL ESTIMATE | C4: Actual Expenditure
A5: ='Variance Analysis'!B8 -> 1135356100 | C5: ='Variance Analysis'!C8 -> 1665094338
A6: Variance | C6: Variance %
A7: ='Variance Analysis'!D8 -> 529738238 | C7: ='Variance Analysis'!E8 -> 0.46658334

Sheet Management Brief
A1: MTO SELECTED PROGRAMS — FINANCIAL MANAGEMENT BRIEF
A3: Purpose
A4: Summarize financial performance across selected Ministry of Transportation operating programs using publicly available Government of Ontario expenditure data, highlighting material budget variances and expenditure trends.
A7: Key Financial Results
A8: 2024–25 actual expenditures for selected programs: $1.665B
A9: 2024–25 original estimates for selected programs: $1.135B
A10: Variance versus original estimate: +$529.7M (+46.7%)
A11: 2025–26 restated estimate: $1.234B
A12: 2026–27 estimate: $1.398B
A13: 2026–27 estimate vs 2024–25 actual: -16.0%
A15: Key Findings
A16: Transit was the primary driver of the 2024–25 variance, with actual expenditures approximately $528.0M above the original estimate. This accounts for nearly all of the $529.7M aggregate variance across the selected programs.
... A29: This analysis covers selected MTO operating programs and should not be interpreted as a complete analysis of total Ministry expenditure. All source data is publicly available Government of Ontario information
